﻿<parameters>
  <parameter name="IIS Web Application Name" defaultValue="Default Web Site/itsrwd_deploy" tags="IisApp">
    <parameterEntry kind="ProviderPath" scope="IisApp" match="^C:\\Users\\lidaw\\Documents\\Visual\ Studio\ 2015\\Projects\\ITSRWD\\ITSRWD\\ITSRWD\\obj\\Release\\Package\\PackageTmp$" />
    <parameterEntry kind="ProviderPath" scope="setAcl" match="^C:\\Users\\lidaw\\Documents\\Visual\ Studio\ 2015\\Projects\\ITSRWD\\ITSRWD\\ITSRWD\\obj\\Release\\Package\\PackageTmp$" />
  </parameter>
  <parameter name="Add write permission to App_Data Folder" description="Add write permission to App_Data folder" defaultValue="{IIS Web Application Name}/App_Data" tags="Hidden">
    <parameterEntry kind="ProviderPath" scope="setAcl" match="^C:\\Users\\lidaw\\Documents\\Visual\ Studio\ 2015\\Projects\\ITSRWD\\ITSRWD\\ITSRWD\\obj\\Release\\Package\\PackageTmp\\App_Data$" />
  </parameter>
  <parameter name="DefaultConnection-Web.config Connection String" description="DefaultConnection Connection String used in web.config by the application to access the database." defaultValue="Data Source=(LocalDb)\MSSQLLocalDB;AttachDbFilename=|DataDirectory|\ITSRWDidentity.mdf;Initial Catalog=ITSRWDidentity;Integrated Security=True" tags="SqlConnectionString">
    <parameterEntry kind="XmlFile" scope="C:\\Users\\lidaw\\Documents\\Visual\ Studio\ 2015\\Projects\\ITSRWD\\ITSRWD\\ITSRWD\\obj\\Release\\Package\\PackageTmp\\Web\.config$" match="/configuration/connectionStrings/add[@name='DefaultConnection']/@connectionString" />
  </parameter>
  <parameter name="PartnerContext-Web.config Connection String" description="PartnerContext Connection String used in web.config by the application to access the database." defaultValue="Data Source=(localdb)\MSSQLLocalDB; Initial Catalog=PartnerContext-20161026123209; Integrated Security=True; MultipleActiveResultSets=True; AttachDbFilename=|DataDirectory|PartnerContext-20161026123209.mdf" tags="SqlConnectionString">
    <parameterEntry kind="XmlFile" scope="C:\\Users\\lidaw\\Documents\\Visual\ Studio\ 2015\\Projects\\ITSRWD\\ITSRWD\\ITSRWD\\obj\\Release\\Package\\PackageTmp\\Web\.config$" match="/configuration/connectionStrings/add[@name='PartnerContext']/@connectionString" />
  </parameter>
</parameters>